{"w": 6.684114469273321, "b": 1.0543931748519109, "mean": 47.5, "std": 14.068285846778442}