{"a": 2.8430311456493715, "b": 1.476826155000881}