{"a_area": 0.004431865018790451, "c_year": 0.07326759420909884, "b": 3.5679925816040376e-05}